ParticipantID,CreatedAt
P001,2026-08-20T14:11:25.172635
P002,2026-08-20T14:37:57.603991
P003,2026-08-20T14:43:15.818140
P004,2026-08-20T14:50:22.442916
P005,2026-08-20T14:55:23.449245
P006,2026-08-20T15:18:51.293219
P007,2026-08-20T15:26:28.828110
P008,2026-08-25T13:32:59.822230
P009,2026-08-25T20:25:17.445144
P010,2026-08-26T11:05:00.057931
P011,2026-08-26T13:30:25.759922
P012,2026-08-26T13:34:15.598542
P013,2026-08-26T13:36:27.838219
P014,2026-08-26T13:43:00.463118
P015,2026-08-26T15:02:25.677738
P016,2026-08-26T15:11:27.793311
P017,2026-08-26T15:11:59.173607
P018,2026-08-26T15:15:15.493794
P019,2026-08-26T15:23:10.921709
P020,2026-08-26T15:58:17.381765
P021,2026-08-27T12:55:51.006256
P022,2026-08-27T14:37:59.254198
P023,2026-08-27T15:47:14.692566
P024,2026-08-28T11:37:24.961864
P025,2026-08-28T11:52:39.811616
P026,2026-09-04T10:43:50.490372
P027,2026-09-04T11:01:04.661227
